{
  "homework_name": "Homework: Sim-to-Real Quadruped Locomotion with MuJoCo Playground",
  "robot": "Go2",
  "environment_name": "Go2JoystickFlatTerrain",
  "num_steps": 13500,
  "num_episodes": 9,
  "metrics": {
    "velocity_tracking_error": 0.08165466061068906,
    "vx_tracking_error": 0.0642584419498841,
    "vy_tracking_error": 0.03309546680086189,
    "yaw_tracking_error": 0.10393913504150179,
    "fall_rate": 0.0,
    "energy_proxy": 5.284430821736653,
    "foot_slip_proxy": 0.038941358112626605
  },
  "per_episode_summary": [
    {
      "episode_id": 0,
      "episode_label": "forward_low",
      "direction_group": "forward",
      "magnitude_group": "low",
      "num_steps": 1500,
      "fell": false,
      "velocity_tracking_error": 0.08413530141115189,
      "vx_tracking_error": 0.08003072440624237,
      "vy_tracking_error": 0.011644452810287476,
      "yaw_tracking_error": 0.051699645817279816,
      "energy_proxy": 2.5702998638153076,
      "foot_slip_proxy": 0.006753277033567429,
      "mean_command_vx": 0.07499999552965164,
      "mean_command_vy": 0.0,
      "mean_command_yaw": 0.0,
      "mean_measured_vx": 0.0016304136952385306,
      "mean_measured_vy": -0.0002166001359000802,
      "mean_measured_yaw": -0.0006115148426033556
    },
    {
      "episode_id": 1,
      "episode_label": "forward_high",
      "direction_group": "forward",
      "magnitude_group": "high",
      "num_steps": 1500,
      "fell": false,
      "velocity_tracking_error": 0.04414825886487961,
      "vx_tracking_error": 0.034760866314172745,
      "vy_tracking_error": 0.019697263836860657,
      "yaw_tracking_error": 0.06684038043022156,
      "energy_proxy": 17.56937026977539,
      "foot_slip_proxy": 0.21579225361347198,
      "mean_command_vx": 0.22499997913837433,
      "mean_command_vy": 0.0,
      "mean_command_yaw": 0.0,
      "mean_measured_vx": 0.20108094811439514,
      "mean_measured_vy": -0.0006549918907694519,
      "mean_measured_yaw": -0.008527195081114769
    },
    {
      "episode_id": 2,
      "episode_label": "lateral_left_low",
      "direction_group": "lateral",
      "magnitude_group": "low",
      "num_steps": 1500,
      "fell": false,
      "velocity_tracking_error": 0.03953223302960396,
      "vx_tracking_error": 0.010700357146561146,
      "vy_tracking_error": 0.03538263216614723,
      "yaw_tracking_error": 0.05235834792256355,
      "energy_proxy": 2.6215879917144775,
      "foot_slip_proxy": 0.007806779816746712,
      "mean_command_vx": 0.0,
      "mean_command_vy": 0.029999997466802597,
      "mean_command_yaw": 0.0,
      "mean_measured_vx": 8.28277479740791e-05,
      "mean_measured_vy": -0.0007228823378682137,
      "mean_measured_yaw": -0.0016420615138486028
    },
    {
      "episode_id": 3,
      "episode_label": "lateral_left_high",
      "direction_group": "lateral",
      "magnitude_group": "high",
      "num_steps": 1500,
      "fell": false,
      "velocity_tracking_error": 0.0840253010392189,
      "vx_tracking_error": 0.010370842181146145,
      "vy_tracking_error": 0.08076781034469604,
      "yaw_tracking_error": 0.053170185536146164,
      "energy_proxy": 2.637627363204956,
      "foot_slip_proxy": 0.008208271116018295,
      "mean_command_vx": 0.0,
      "mean_command_vy": 0.07499999552965164,
      "mean_command_yaw": 0.0,
      "mean_measured_vx": 0.0003055543056689203,
      "mean_measured_vy": -0.0012035546824336052,
      "mean_measured_yaw": -0.0014090690528973937
    },
    {
      "episode_id": 4,
      "episode_label": "yaw_left_low",
      "direction_group": "yaw",
      "magnitude_group": "low",
      "num_steps": 1500,
      "fell": false,
      "velocity_tracking_error": 0.015706652775406837,
      "vx_tracking_error": 0.00976213626563549,
      "vy_tracking_error": 0.010044810362160206,
      "yaw_tracking_error": 0.11442942172288895,
      "energy_proxy": 2.5915865898132324,
      "foot_slip_proxy": 0.007323745638132095,
      "mean_command_vx": 0.0,
      "mean_command_vy": 0.0,
      "mean_command_yaw": 0.09000001847743988,
      "mean_measured_vx": 0.0009688456193543971,
      "mean_measured_vy": -0.0010006300872191787,
      "mean_measured_yaw": -0.0005772695294581354
    },
    {
      "episode_id": 5,
      "episode_label": "yaw_left_high",
      "direction_group": "yaw",
      "magnitude_group": "high",
      "num_steps": 1500,
      "fell": false,
      "velocity_tracking_error": 0.019462857395410538,
      "vx_tracking_error": 0.012519113719463348,
      "vy_tracking_error": 0.012373781763017178,
      "yaw_tracking_error": 0.24700374901294708,
      "energy_proxy": 2.9737675189971924,
      "foot_slip_proxy": 0.00845870841294527,
      "mean_command_vx": 0.0,
      "mean_command_vy": 0.0,
      "mean_command_yaw": 0.22499997913837433,
      "mean_measured_vx": 0.000505745701957494,
      "mean_measured_vy": -9.578339086147025e-05,
      "mean_measured_yaw": 0.0016212667105719447
    },
    {
      "episode_id": 6,
      "episode_label": "forward_turn_left",
      "direction_group": "forward_turn",
      "magnitude_group": "medium",
      "num_steps": 1500,
      "fell": false,
      "velocity_tracking_error": 0.12107280641794205,
      "vx_tracking_error": 0.11643784493207932,
      "vy_tracking_error": 0.017774468287825584,
      "yaw_tracking_error": 0.0906313881278038,
      "energy_proxy": 8.839869499206543,
      "foot_slip_proxy": 0.06747093796730042,
      "mean_command_vx": 0.1575000137090683,
      "mean_command_vy": 0.0,
      "mean_command_yaw": 0.11999999731779099,
      "mean_measured_vx": 0.047310687601566315,
      "mean_measured_vy": -0.0037003513425588608,
      "mean_measured_yaw": 0.05881339684128761
    },
    {
      "episode_id": 7,
      "episode_label": "combined_left_low",
      "direction_group": "combined",
      "magnitude_group": "low",
      "num_steps": 1500,
      "fell": false,
      "velocity_tracking_error": 0.11859067529439926,
      "vx_tracking_error": 0.11001461744308472,
      "vy_tracking_error": 0.0395650677382946,
      "yaw_tracking_error": 0.10543239116668701,
      "energy_proxy": 2.8716330528259277,
      "foot_slip_proxy": 0.008324873633682728,
      "mean_command_vx": 0.10499999672174454,
      "mean_command_vy": 0.034999996423721313,
      "mean_command_yaw": 0.08250000327825546,
      "mean_measured_vx": 0.0003464528708718717,
      "mean_measured_vy": 0.0002695164585020393,
      "mean_measured_yaw": 0.0005289783584885299
    },
    {
      "episode_id": 8,
      "episode_label": "combined_left_high",
      "direction_group": "combined",
      "magnitude_group": "high",
      "num_steps": 1500,
      "fell": false,
      "velocity_tracking_error": 0.20821785926818848,
      "vx_tracking_error": 0.1937294751405716,
      "vy_tracking_error": 0.07060891389846802,
      "yaw_tracking_error": 0.15388670563697815,
      "energy_proxy": 4.8841352462768555,
      "foot_slip_proxy": 0.02033337578177452,
      "mean_command_vx": 0.19499997794628143,
      "mean_command_vy": 0.06499999761581421,
      "mean_command_yaw": 0.14249999821186066,
      "mean_measured_vx": 0.007502538152039051,
      "mean_measured_vy": -0.0002611525997053832,
      "mean_measured_yaw": 0.01380155049264431
    }
  ],
  "by_direction_summary": [
    {
      "direction_group": "combined",
      "num_episodes": 2,
      "fall_rate": 0.0,
      "velocity_tracking_error": 0.16340426728129387,
      "vx_tracking_error": 0.15187204629182816,
      "vy_tracking_error": 0.05508699081838131,
      "yaw_tracking_error": 0.12965954840183258,
      "energy_proxy": 3.8778841495513916,
      "foot_slip_proxy": 0.014329124707728624
    },
    {
      "direction_group": "forward",
      "num_episodes": 2,
      "fall_rate": 0.0,
      "velocity_tracking_error": 0.06414178013801575,
      "vx_tracking_error": 0.05739579536020756,
      "vy_tracking_error": 0.015670858323574066,
      "yaw_tracking_error": 0.05927001312375069,
      "energy_proxy": 10.06983506679535,