{
  "stage_name": "stage_1",
  "env_name": "Go2JoystickFlatTerrain",
  "backend_impl": "jax",
  "num_progress_events": 5,
  "final_metrics": {
    "eval/walltime": 87.50776958465576,
    "training/sps": 1756504.2012132802,
    "training/walltime": 132.52582693099976,
    "training/entropy_loss": 0.0982113927602768,
    "training/kl_mean": 0.037622302770614624,
    "training/learning_rate": 0.00029999998514540493,
    "training/policy_dist_max_loc": 2.33266019821167,
    "training/policy_dist_max_std": 1.225237488746643,
    "training/policy_dist_mean_loc": 0.20951245725154877,
    "training/policy_dist_mean_std": 0.13585089147090912,
    "training/policy_dist_min_loc": -1.5845073461532593,
    "training/policy_dist_min_std": 0.061039410531520844,
    "training/policy_loss": -0.0021500096190720797,
    "training/total_loss": 0.09617330133914948,
    "training/v_loss": 0.00011192786041647196,
    "eval/episode_reward": 29.292207717895508,
    "eval/episode_reward/action_rate": -11.140533447265625,
    "eval/episode_reward/ang_vel_xy": -19.086597442626953,
    "eval/episode_reward/dof_pos_limits": 0.0,
    "eval/episode_reward/energy": -76.09207153320312,
    "eval/episode_reward/feet_air_time": -0.002421976998448372,
    "eval/episode_reward/feet_clearance": -208.67398071289062,
    "eval/episode_reward/feet_height": -17.64236831665039,
    "eval/episode_reward/feet_slip": -7.578776836395264,
    "eval/episode_reward/lin_vel_z": -2.9024817943573,
    "eval/episode_reward/orientation": -10.317085266113281,
    "eval/episode_reward/pose": 460.226318359375,
    "eval/episode_reward/stand_still": -19.991046905517578,
    "eval/episode_reward/termination": 0.0,
    "eval/episode_reward/torques": -11.080829620361328,
    "eval/episode_reward/tracking_ang_vel": 467.54864501953125,
    "eval/episode_reward/tracking_lin_vel": 921.1824340820312,
    "eval/episode_swing_peak": 9.390504837036133,
    "eval/episode_reward_std": 2.9789679050445557,
    "eval/episode_reward/action_rate_std": 2.198709487915039,
    "eval/episode_reward/ang_vel_xy_std": 5.194307804107666,
    "eval/episode_reward/dof_pos_limits_std": 0.0,
    "eval/episode_reward/energy_std": 36.481693267822266,
    "eval/episode_reward/feet_air_time_std": 0.44991177320480347,
    "eval/episode_reward/feet_clearance_std": 65.19902038574219,
    "eval/episode_reward/feet_height_std": 5.740705966949463,
    "eval/episode_reward/feet_slip_std": 3.6702868938446045,
    "eval/episode_reward/lin_vel_z_std": 1.025274395942688,
    "eval/episode_reward/orientation_std": 5.956343650817871,
    "eval/episode_reward/pose_std": 10.19631290435791,
    "eval/episode_reward/stand_still_std": 121.32148742675781,
    "eval/episode_reward/termination_std": 0.0,
    "eval/episode_reward/torques_std": 1.14919114112854,
    "eval/episode_reward/tracking_ang_vel_std": 4.887948513031006,
    "eval/episode_reward/tracking_lin_vel_std": 27.51897621154785,
    "eval/episode_swing_peak_std": 5.383078575134277,
    "eval/avg_episode_length": 1000.0,
    "eval/std_episode_length": 0.0,
    "eval/epoch_eval_time": 2.665799617767334,
    "eval/sps": 48015.611956311564
  },
  "latest_checkpoint": "/home/shashank/notebook_work/course_repo/artifacts/run_updates/stage_1/checkpoints/000013107200",
  "selected_checkpoint_source": "/home/shashank/notebook_work/course_repo/artifacts/run_updates/stage_1/checkpoints/000013107200",
  "selected_checkpoint_export": "/home/shashank/notebook_work/course_repo/artifacts/run_updates/best_checkpoint",
  "selected_checkpoint_manifest": {
    "selection_method": "best_eval_reward",
    "selected_step": 13107200,
    "selected_eval_reward": 29.292207717895508,
    "source_checkpoint_dir": "/home/shashank/notebook_work/course_repo/artifacts/run_updates/stage_1/checkpoints/000013107200",
    "exported_checkpoint_dir": "/home/shashank/notebook_work/course_repo/artifacts/run_updates/best_checkpoint",
    "exported_at_unix": 1777946345.1459193
  },
  "compile_time_sec": 101.64707747008651,
  "train_time_sec": 199.82800829969347
}