{
  "homework_name": "Homework: Sim-to-Real Quadruped Locomotion with MuJoCo Playground",
  "robot": "Go2",
  "environment_name": "Go2JoystickFlatTerrain",
  "num_steps": 12934,
  "num_episodes": 9,
  "metrics": {
    "velocity_tracking_error": 0.15350935608148575,
    "vx_tracking_error": 0.12291159253153536,
    "vy_tracking_error": 0.05851921925528182,
    "yaw_tracking_error": 0.1303391336566872,
    "fall_rate": 0.1111111111111111,
    "energy_proxy": 10.378662215338814,
    "foot_slip_proxy": 0.06743510481384066
  },
  "per_episode_summary": [
    {
      "episode_id": 0,
      "episode_label": "forward_low",
      "direction_group": "forward",
      "magnitude_group": "low",
      "num_steps": 1500,
      "fell": false,
      "velocity_tracking_error": 0.1907641440629959,
      "vx_tracking_error": 0.18802385032176971,
      "vy_tracking_error": 0.019065001979470253,
      "yaw_tracking_error": 0.06563081592321396,
      "energy_proxy": 5.122470855712891,
      "foot_slip_proxy": 0.02250376157462597,
      "mean_command_vx": 0.19200000166893005,
      "mean_command_vy": 0.0,
      "mean_command_yaw": 0.0,
      "mean_measured_vx": 0.009530064649879932,
      "mean_measured_vy": 0.00060362956719473,
      "mean_measured_yaw": -0.003937526140362024
    },
    {
      "episode_id": 1,
      "episode_label": "forward_high",
      "direction_group": "forward",
      "magnitude_group": "high",
      "num_steps": 1500,
      "fell": false,
      "velocity_tracking_error": 0.15692438185214996,
      "vx_tracking_error": 0.15085969865322113,
      "vy_tracking_error": 0.030318288132548332,
      "yaw_tracking_error": 0.08873319625854492,
      "energy_proxy": 27.19183921813965,
      "foot_slip_proxy": 0.22808203101158142,
      "mean_command_vx": 0.3479999601840973,
      "mean_command_vy": 0.0,
      "mean_command_yaw": 0.0,
      "mean_measured_vx": 0.20150133967399597,
      "mean_measured_vy": 0.008330924436450005,
      "mean_measured_yaw": -0.025699378922581673
    },
    {
      "episode_id": 2,
      "episode_label": "lateral_left_low",
      "direction_group": "lateral",
      "magnitude_group": "low",
      "num_steps": 1500,
      "fell": false,
      "velocity_tracking_error": 0.09859765321016312,
      "vx_tracking_error": 0.015679268166422844,
      "vy_tracking_error": 0.09463472664356232,
      "yaw_tracking_error": 0.05798141658306122,
      "energy_proxy": 3.6984150409698486,
      "foot_slip_proxy": 0.009454265236854553,
      "mean_command_vx": 0.0,
      "mean_command_vy": 0.09200000017881393,
      "mean_command_yaw": 0.0,
      "mean_measured_vx": 0.0005372058367356658,
      "mean_measured_vy": 0.00019746212637983263,
      "mean_measured_yaw": -0.0013264077715575695
    },
    {
      "episode_id": 3,
      "episode_label": "lateral_left_high",
      "direction_group": "lateral",
      "magnitude_group": "high",
      "num_steps": 1500,
      "fell": false,
      "velocity_tracking_error": 0.1378660351037979,
      "vx_tracking_error": 0.015035197138786316,
      "vy_tracking_error": 0.1350996494293213,
      "yaw_tracking_error": 0.055017780512571335,
      "energy_proxy": 3.4082679748535156,
      "foot_slip_proxy": 0.009746236726641655,
      "mean_command_vx": 0.0,
      "mean_command_vy": 0.13199999928474426,
      "mean_command_yaw": 0.0,
      "mean_measured_vx": 0.00042263654177077115,
      "mean_measured_vy": -0.0003176545724272728,
      "mean_measured_yaw": -0.001632771803997457
    },
    {
      "episode_id": 4,
      "episode_label": "yaw_left_low",
      "direction_group": "yaw",
      "magnitude_group": "low",
      "num_steps": 1500,
      "fell": false,
      "velocity_tracking_error": 0.05958935618400574,
      "vx_tracking_error": 0.056097548454999924,
      "vy_tracking_error": 0.014609075151383877,
      "yaw_tracking_error": 0.19469095766544342,
      "energy_proxy": 3.824214220046997,
      "foot_slip_proxy": 0.009128674864768982,
      "mean_command_vx": 0.052799999713897705,
      "mean_command_vy": 0.0,
      "mean_command_yaw": 0.19200000166893005,
      "mean_measured_vx": 0.0032085312996059656,
      "mean_measured_vy": -0.0010588383302092552,
      "mean_measured_yaw": 0.011704294010996819
    },
    {
      "episode_id": 5,
      "episode_label": "yaw_left_high",
      "direction_group": "yaw",
      "magnitude_group": "high",
      "num_steps": 1500,
      "fell": false,
      "velocity_tracking_error": 0.0850909948348999,
      "vx_tracking_error": 0.0816972628235817,
      "vy_tracking_error": 0.016589758917689323,
      "yaw_tracking_error": 0.34630826115608215,
      "energy_proxy": 5.012396812438965,
      "foot_slip_proxy": 0.020194437354803085,
      "mean_command_vx": 0.07919999957084656,
      "mean_command_vy": 0.0,
      "mean_command_yaw": 0.3479999601840973,
      "mean_measured_vx": 0.0019451039843261242,
      "mean_measured_vy": -0.0006260291556827724,
      "mean_measured_yaw": 0.01806265488266945
    },
    {
      "episode_id": 6,
      "episode_label": "forward_turn_left",
      "direction_group": "forward_turn",
      "magnitude_group": "medium",
      "num_steps": 1500,
      "fell": false,
      "velocity_tracking_error": 0.2137904018163681,
      "vx_tracking_error": 0.2096482515335083,
      "vy_tracking_error": 0.027486028149724007,
      "yaw_tracking_error": 0.09576059877872467,
      "energy_proxy": 15.348006248474121,
      "foot_slip_proxy": 0.10798569768667221,
      "mean_command_vx": 0.2759999632835388,
      "mean_command_vy": 0.0,
      "mean_command_yaw": 0.2160000056028366,
      "mean_measured_vx": 0.06993426382541656,
      "mean_measured_vy": -0.0059666940942406654,
      "mean_measured_yaw": 0.1645037978887558
    },
    {
      "episode_id": 7,
      "episode_label": "combined_left_low",
      "direction_group": "combined",
      "magnitude_group": "low",
      "num_steps": 1500,
      "fell": false,
      "velocity_tracking_error": 0.20750518143177032,
      "vx_tracking_error": 0.18887542188167572,
      "vy_tracking_error": 0.08286575973033905,
      "yaw_tracking_error": 0.15130193531513214,
      "energy_proxy": 6.110701084136963,
      "foot_slip_proxy": 0.025819070637226105,
      "mean_command_vx": 0.19200000166893005,
      "mean_command_vy": 0.07999999821186066,
      "mean_command_yaw": 0.1679999977350235,
      "mean_measured_vx": 0.007915616966784,
      "mean_measured_vy": 8.515993613400497e-06,
      "mean_measured_yaw": 0.03454934060573578
    },
    {
      "episode_id": 8,
      "episode_label": "combined_left_high",
      "direction_group": "combined",
      "magnitude_group": "high",
      "num_steps": 934,
      "fell": true,
      "velocity_tracking_error": 0.23145605623722076,
      "vx_tracking_error": 0.2002878338098526,
      "vy_tracking_error": 0.10600468516349792,
      "yaw_tracking_error": 0.11762724071741104,
      "energy_proxy": 23.691648483276367,
      "foot_slip_proxy": 0.1740017682313919,
      "mean_command_vx": 0.28728052973747253,
      "mean_command_vy": 0.10576017200946808,
      "mean_command_yaw": 0.215460404753685,
      "mean_measured_vx": 0.11764825135469437,
      "mean_measured_vy": 0.005034429486840963,
      "mean_measured_yaw": 0.1791907399892807
    }
  ],
  "by_direction_summary": [
    {
      "direction_group": "combined",
      "num_episodes": 2,
      "fall_rate": 0.5,
      "velocity_tracking_error": 0.21948061883449554,
      "vx_tracking_error": 0.19458162784576416,
      "vy_tracking_error": 0.09443522244691849,
      "yaw_tracking_error": 0.1344645880162716,
      "energy_proxy": 14.901174783706665,
      "foot_slip_proxy": 0.099910419434309
    },
    {
      "direction_group": "forward",
      "num_episodes": 2,
      "fall_rate": 0.0,
      "velocity_tracking_error": 0.17384426295757294,
      "vx_tracking_error": 0.16944177448749542,
      "vy_tracking_error": 0.024691645056009293,
      "yaw_tracking_error": 0.07718200609087944,
      "energy_proxy": 16.15715503692627,