{
  "started_at_unix": 1777921052.3938525,
  "gpu_name": "NVIDIA RTX A6000",
  "stages": [
    "stage_1",
    "stage_2"
  ],
  "restore_checkpoint_dir": null,
  "force_cpu": false,
  "finished_at_unix": 1777921588.5930374,
  "wallclock_sec": 536.1991848945618,
  "stage_summaries": [
    {
      "stage_name": "stage_1",
      "env_name": "Go2JoystickFlatTerrain",
      "backend_impl": "jax",
      "num_progress_events": 5,
      "final_metrics": {
        "eval/walltime": 86.36938190460205,
        "training/sps": 1757573.403251459,
        "training/walltime": 132.16022992134094,
        "training/entropy_loss": 0.10060915350914001,
        "training/kl_mean": 0.03928016871213913,
        "training/learning_rate": 0.00029999998514540493,
        "training/policy_dist_max_loc": 2.400484323501587,
        "training/policy_dist_max_std": 1.1984517574310303,
        "training/policy_dist_mean_loc": 0.21730050444602966,
        "training/policy_dist_mean_std": 0.13736331462860107,
        "training/policy_dist_min_loc": -1.6196825504302979,
        "training/policy_dist_min_std": 0.06210578233003616,
        "training/policy_loss": -0.0020406944677233696,
        "training/total_loss": 0.09869489073753357,
        "training/v_loss": 0.00012642664660234004,
        "eval/episode_reward": 29.37096405029297,
        "eval/episode_reward/action_rate": -10.948452949523926,
        "eval/episode_reward/ang_vel_xy": -18.18659782409668,
        "eval/episode_reward/dof_pos_limits": 0.0,
        "eval/episode_reward/energy": -76.39778900146484,
        "eval/episode_reward/feet_air_time": 0.0546717643737793,
        "eval/episode_reward/feet_clearance": -210.1319122314453,
        "eval/episode_reward/feet_height": -16.594074249267578,
        "eval/episode_reward/feet_slip": -7.2709760665893555,
        "eval/episode_reward/lin_vel_z": -3.135410785675049,
        "eval/episode_reward/orientation": -10.795564651489258,
        "eval/episode_reward/pose": 458.2682189941406,
        "eval/episode_reward/stand_still": -24.528860092163086,
        "eval/episode_reward/termination": 0.0,
        "eval/episode_reward/torques": -11.192060470581055,
        "eval/episode_reward/tracking_ang_vel": 468.75701904296875,
        "eval/episode_reward/tracking_lin_vel": 930.4620361328125,
        "eval/episode_swing_peak": 9.082741737365723,
        "eval/episode_reward_std": 3.188319444656372,
        "eval/episode_reward/action_rate_std": 1.873007893562317,
        "eval/episode_reward/ang_vel_xy_std": 4.033099174499512,
        "eval/episode_reward/dof_pos_limits_std": 0.0,
        "eval/episode_reward/energy_std": 35.51813888549805,
        "eval/episode_reward/feet_air_time_std": 0.4619433879852295,
        "eval/episode_reward/feet_clearance_std": 64.1200180053711,
        "eval/episode_reward/feet_height_std": 5.115259647369385,
        "eval/episode_reward/feet_slip_std": 3.4752821922302246,
        "eval/episode_reward/lin_vel_z_std": 1.0559883117675781,
        "eval/episode_reward/orientation_std": 6.3892693519592285,
        "eval/episode_reward/pose_std": 8.2974853515625,
        "eval/episode_reward/stand_still_std": 148.96536254882812,
        "eval/episode_reward/termination_std": 0.0,
        "eval/episode_reward/torques_std": 1.1268147230148315,
        "eval/episode_reward/tracking_ang_vel_std": 4.262100696563721,
        "eval/episode_reward/tracking_lin_vel_std": 24.735260009765625,
        "eval/episode_swing_peak_std": 4.996108531951904,
        "eval/avg_episode_length": 1000.0,
        "eval/std_episode_length": 0.0,
        "eval/epoch_eval_time": 2.660181760787964,
        "eval/sps": 48117.01286234123
      },
      "latest_checkpoint": "/home/shashank/notebook_work/course_repo/artifacts/run_baseline/stage_1/checkpoints/000013107200",
      "selected_checkpoint_source": "/home/shashank/notebook_work/course_repo/artifacts/run_baseline/stage_1/checkpoints/000013107200",
      "selected_checkpoint_export": "/home/shashank/notebook_work/course_repo/artifacts/run_baseline/best_checkpoint",
      "selected_checkpoint_manifest": {
        "selection_method": "best_eval_reward",
        "selected_step": 13107200,
        "selected_eval_reward": 29.038795471191406,
        "source_checkpoint_dir": "/home/shashank/notebook_work/course_repo/artifacts/run_baseline/stage_1/checkpoints/000013107200",
        "exported_checkpoint_dir": "/home/shashank/notebook_work/course_repo/artifacts/run_baseline/best_checkpoint",
        "exported_at_unix": 1777921356.369249
      },
      "compile_time_sec": 100.17209473997355,
      "train_time_sec": 199.47523144679144
    },
    {
      "stage_name": "stage_2",
      "env_name": "Go2JoystickFlatTerrain",
      "backend_impl": "jax",
      "num_progress_events": 5,
      "final_metrics": {
        "eval/walltime": 80.98177170753479,
        "training/sps": 1751867.1532094951,
        "training/walltime": 87.94191241264343,
        "training/entropy_loss": 0.0353672131896019,
        "training/kl_mean": 0.036961592733860016,
        "training/learning_rate": 0.0003000000142492354,
        "training/policy_dist_max_loc": 2.220442771911621,
        "training/policy_dist_max_std": 1.623087763786316,
        "training/policy_dist_mean_loc": 0.20521984994411469,
        "training/policy_dist_mean_std": 0.24041374027729034,
        "training/policy_dist_min_loc": -1.4389820098876953,
        "training/policy_dist_min_std": 0.08790676295757294,
        "training/policy_loss": -0.013044251129031181,
        "training/total_loss": 0.022801604121923447,
        "training/v_loss": 0.0004786413337569684,
        "eval/episode_reward": 17.975566864013672,
        "eval/episode_reward/action_rate": -49.58189392089844,
        "eval/episode_reward/ang_vel_xy": -89.79194641113281,
        "eval/episode_reward/dof_pos_limits": -0.0004935176111757755,
        "eval/episode_reward/energy": -193.02548217773438,
        "eval/episode_reward/feet_air_time": -0.8972187638282776,
        "eval/episode_reward/feet_clearance": -232.99424743652344,
        "eval/episode_reward/feet_height": -31.757675170898438,
        "eval/episode_reward/feet_slip": -25.2460880279541,
        "eval/episode_reward/lin_vel_z": -7.258038520812988,
        "eval/episode_reward/orientation": -39.78242492675781,
        "eval/episode_reward/pose": 387.0337829589844,
        "eval/episode_reward/stand_still": -2.48421311378479,
        "eval/episode_reward/termination": -0.234375,
        "eval/episode_reward/torques": -13.005430221557617,
        "eval/episode_reward/tracking_ang_vel": 356.78277587890625,
        "eval/episode_reward/tracking_lin_vel": 702.4434814453125,
        "eval/episode_swing_peak": 8.916644096374512,
        "eval/episode_reward_std": 8.245187759399414,
        "eval/episode_reward/action_rate_std": 29.744251251220703,
        "eval/episode_reward/ang_vel_xy_std": 68.95960998535156,
        "eval/episode_reward/dof_pos_limits_std": 0.00328895659185946,
        "eval/episode_reward/energy_std": 137.36383056640625,
        "eval/episode_reward/feet_air_time_std": 0.5527173280715942,
        "eval/episode_reward/feet_clearance_std": 78.54436492919922,
        "eval/episode_reward/feet_height_std": 11.751178741455078,
        "eval/episode_reward/feet_slip_std": 20.357494354248047,
        "eval/episode_reward/lin_vel_z_std": 5.046145915985107,
        "eval/episode_reward/orientation_std": 31.349374771118164,
        "eval/episode_reward/pose_std": 101.61528778076172,
        "eval/episode_reward/stand_still_std": 27.99566078186035,
        "eval/episode_reward/termination_std": 0.42360755801200867,
        "eval/episode_reward/torques_std": 3.543133497238159,
        "eval/episode_reward/tracking_ang_vel_std": 106.72903442382812,
        "eval/episode_reward/tracking_lin_vel_std": 223.8268585205078,
        "eval/episode_swing_peak_std": 4.922612190246582,
        "eval/avg_episode_length": 896.4296875,