{
  "homework_name": "Homework: Sim-to-Real Quadruped Locomotion with MuJoCo Playground",
  "robot": "Go2",
  "environment_name": "Go2JoystickFlatTerrain",
  "num_steps": 13500,
  "num_episodes": 9,
  "metrics": {
    "velocity_tracking_error": 0.08021042682230473,
    "vx_tracking_error": 0.06284229333202045,
    "vy_tracking_error": 0.03281369205150339,
    "yaw_tracking_error": 0.10313478029436535,
    "fall_rate": 0.0,
    "energy_proxy": 5.460931989881727,
    "foot_slip_proxy": 0.0405340617419117
  },
  "per_episode_summary": [
    {
      "episode_id": 0,
      "episode_label": "forward_low",
      "direction_group": "forward",
      "magnitude_group": "low",
      "num_steps": 1500,
      "fell": false,
      "velocity_tracking_error": 0.08414524048566818,
      "vx_tracking_error": 0.08005354553461075,
      "vy_tracking_error": 0.011643033474683762,
      "yaw_tracking_error": 0.05160028114914894,
      "energy_proxy": 2.564894437789917,
      "foot_slip_proxy": 0.006745863705873489,
      "mean_command_vx": 0.07499999552965164,
      "mean_command_vy": 0.0,
      "mean_command_yaw": 0.0,
      "mean_measured_vx": 0.0016298172995448112,
      "mean_measured_vy": -0.0002207887009717524,
      "mean_measured_yaw": -0.0005808850401081145
    },
    {
      "episode_id": 1,
      "episode_label": "forward_high",
      "direction_group": "forward",
      "magnitude_group": "high",
      "num_steps": 1500,
      "fell": false,
      "velocity_tracking_error": 0.04080159589648247,
      "vx_tracking_error": 0.03204371780157089,
      "vy_tracking_error": 0.018107568845152855,
      "yaw_tracking_error": 0.06463200598955154,
      "energy_proxy": 19.086362838745117,
      "foot_slip_proxy": 0.2208719551563263,
      "mean_command_vx": 0.22499997913837433,
      "mean_command_vy": 0.0,
      "mean_command_yaw": 0.0,
      "mean_measured_vx": 0.2067624032497406,
      "mean_measured_vy": -0.0017093793721869588,
      "mean_measured_yaw": -0.011692062020301819
    },
    {
      "episode_id": 2,
      "episode_label": "lateral_left_low",
      "direction_group": "lateral",
      "magnitude_group": "low",
      "num_steps": 1500,
      "fell": false,
      "velocity_tracking_error": 0.03960300609469414,
      "vx_tracking_error": 0.010744997300207615,
      "vy_tracking_error": 0.03543057665228844,
      "yaw_tracking_error": 0.05230560153722763,
      "energy_proxy": 2.6412408351898193,
      "foot_slip_proxy": 0.007720972876995802,
      "mean_command_vx": 0.0,
      "mean_command_vy": 0.029999997466802597,
      "mean_command_yaw": 0.0,
      "mean_measured_vx": 0.00020779723126906902,
      "mean_measured_vy": -0.0007249410846270621,
      "mean_measured_yaw": -0.0016987350536510348
    },
    {
      "episode_id": 3,
      "episode_label": "lateral_left_high",
      "direction_group": "lateral",
      "magnitude_group": "high",
      "num_steps": 1500,
      "fell": false,
      "velocity_tracking_error": 0.08402177691459656,
      "vx_tracking_error": 0.010354692116379738,
      "vy_tracking_error": 0.0807720348238945,
      "yaw_tracking_error": 0.05305337533354759,
      "energy_proxy": 2.6297223567962646,
      "foot_slip_proxy": 0.008213200606405735,
      "mean_command_vx": 0.0,
      "mean_command_vy": 0.07499999552965164,
      "mean_command_yaw": 0.0,
      "mean_measured_vx": 0.00031322057475335896,
      "mean_measured_vy": -0.0012033001985400915,
      "mean_measured_yaw": -0.0013845762005075812
    },
    {
      "episode_id": 4,
      "episode_label": "yaw_left_low",
      "direction_group": "yaw",
      "magnitude_group": "low",
      "num_steps": 1500,
      "fell": false,
      "velocity_tracking_error": 0.015691660344600677,
      "vx_tracking_error": 0.009761564433574677,
      "vy_tracking_error": 0.010031328536570072,
      "yaw_tracking_error": 0.11436450481414795,
      "energy_proxy": 2.585110902786255,
      "foot_slip_proxy": 0.007306673564016819,
      "mean_command_vx": 0.0,
      "mean_command_vy": 0.0,
      "mean_command_yaw": 0.09000001847743988,
      "mean_measured_vx": 0.000959430297371,
      "mean_measured_vy": -0.0009795469231903553,
      "mean_measured_yaw": -0.0007007891545072198
    },
    {
      "episode_id": 5,
      "episode_label": "yaw_left_high",
      "direction_group": "yaw",
      "magnitude_group": "high",
      "num_steps": 1500,
      "fell": false,
      "velocity_tracking_error": 0.019424716010689735,
      "vx_tracking_error": 0.012480885721743107,
      "vy_tracking_error": 0.012346635572612286,
      "yaw_tracking_error": 0.24690401554107666,
      "energy_proxy": 2.97684383392334,
      "foot_slip_proxy": 0.008461037650704384,
      "mean_command_vx": 0.0,
      "mean_command_vy": 0.0,
      "mean_command_yaw": 0.22499997913837433,
      "mean_measured_vx": 0.0005074499640613794,
      "mean_measured_vy": -9.442686859983951e-05,
      "mean_measured_yaw": 0.0016127172857522964
    },
    {
      "episode_id": 6,
      "episode_label": "forward_turn_left",
      "direction_group": "forward_turn",
      "magnitude_group": "medium",
      "num_steps": 1500,
      "fell": false,
      "velocity_tracking_error": 0.11198296397924423,
      "vx_tracking_error": 0.10725561529397964,
      "vy_tracking_error": 0.01686134934425354,
      "yaw_tracking_error": 0.08732616901397705,
      "energy_proxy": 8.86056900024414,
      "foot_slip_proxy": 0.07607199996709824,
      "mean_command_vx": 0.1575000137090683,
      "mean_command_vy": 0.0,
      "mean_command_yaw": 0.11999999731779099,
      "mean_measured_vx": 0.05821012333035469,
      "mean_measured_vy": -0.0018758825026452541,
      "mean_measured_yaw": 0.0669335201382637
    },
    {
      "episode_id": 7,
      "episode_label": "combined_left_low",
      "direction_group": "combined",
      "magnitude_group": "low",
      "num_steps": 1500,
      "fell": false,
      "velocity_tracking_error": 0.11859926581382751,
      "vx_tracking_error": 0.10997878015041351,
      "vy_tracking_error": 0.03963412716984749,
      "yaw_tracking_error": 0.1053938940167427,
      "energy_proxy": 2.878849983215332,
      "foot_slip_proxy": 0.008251260034739971,
      "mean_command_vx": 0.10499999672174454,
      "mean_command_vy": 0.034999996423721313,
      "mean_command_yaw": 0.08250000327825546,
      "mean_measured_vx": 0.000482999806990847,
      "mean_measured_vy": 0.00025670178001746535,
      "mean_measured_yaw": 0.0004484774253796786
    },
    {
      "episode_id": 8,
      "episode_label": "combined_left_high",
      "direction_group": "combined",
      "magnitude_group": "high",
      "num_steps": 1500,
      "fell": false,
      "velocity_tracking_error": 0.20762361586093903,
      "vx_tracking_error": 0.19290684163570404,
      "vy_tracking_error": 0.0704965740442276,
      "yaw_tracking_error": 0.1526331752538681,
      "energy_proxy": 4.924793720245361,
      "foot_slip_proxy": 0.021163592115044594,
      "mean_command_vx": 0.19499997794628143,
      "mean_command_vy": 0.06499999761581421,
      "mean_command_yaw": 0.14249999821186066,
      "mean_measured_vx": 0.008605191484093666,
      "mean_measured_vy": -8.758073818171397e-05,
      "mean_measured_yaw": 0.015349609777331352
    }
  ],
  "by_direction_summary": [
    {
      "direction_group": "combined",
      "num_episodes": 2,
      "fall_rate": 0.0,
      "velocity_tracking_error": 0.16311144083738327,
      "vx_tracking_error": 0.15144281089305878,
      "vy_tracking_error": 0.055065350607037544,
      "yaw_tracking_error": 0.1290135346353054,
      "energy_proxy": 3.9018218517303467,
      "foot_slip_proxy": 0.014707426074892282
    },
    {
      "direction_group": "forward",
      "num_episodes": 2,
      "fall_rate": 0.0,
      "velocity_tracking_error": 0.062473418191075325,
      "vx_tracking_error": 0.05604863166809082,
      "vy_tracking_error": 0.014875301159918308,
      "yaw_tracking_error": 0.05811614356935024,
      "energy_proxy": 10.825628638267517,