{
  "homework_name": "Homework: Sim-to-Real Quadruped Locomotion with MuJoCo Playground",
  "robot": "Go2",
  "environment_name": "Go2JoystickFlatTerrain",
  "num_steps": 12434,
  "num_episodes": 9,
  "metrics": {
    "velocity_tracking_error": 0.13971670075423187,
    "vx_tracking_error": 0.0881213124634491,
    "vy_tracking_error": 0.08272559951163,
    "yaw_tracking_error": 0.18931863043043348,
    "fall_rate": 0.1111111111111111,
    "energy_proxy": 12.384276098675198,
    "foot_slip_proxy": 0.09393655819197495
  },
  "per_episode_summary": [
    {
      "episode_id": 0,
      "episode_label": "forward_low",
      "direction_group": "forward",
      "magnitude_group": "low",
      "num_steps": 1500,
      "fell": false,
      "velocity_tracking_error": 0.04342006891965866,
      "vx_tracking_error": 0.032073553651571274,
      "vy_tracking_error": 0.02202393114566803,
      "yaw_tracking_error": 0.06522344052791595,
      "energy_proxy": 29.4414005279541,
      "foot_slip_proxy": 0.30793458223342896,
      "mean_command_vx": 0.29999998211860657,
      "mean_command_vy": 0.0,
      "mean_command_yaw": 0.0,
      "mean_measured_vx": 0.28836527466773987,
      "mean_measured_vy": 0.0029169931076467037,
      "mean_measured_yaw": -0.016333727166056633
    },
    {
      "episode_id": 1,
      "episode_label": "forward_high",
      "direction_group": "forward",
      "magnitude_group": "high",
      "num_steps": 1500,
      "fell": false,
      "velocity_tracking_error": 0.056560080498456955,
      "vx_tracking_error": 0.04655970260500908,
      "vy_tracking_error": 0.021930167451500893,
      "yaw_tracking_error": 0.06643299013376236,
      "energy_proxy": 43.30162811279297,
      "foot_slip_proxy": 0.39247769117355347,
      "mean_command_vx": 0.40000003576278687,
      "mean_command_vy": 0.0,
      "mean_command_yaw": 0.0,
      "mean_measured_vx": 0.36612775921821594,
      "mean_measured_vy": 0.010037415660917759,
      "mean_measured_yaw": -0.01838478446006775
    },
    {
      "episode_id": 2,
      "episode_label": "lateral_left_low",
      "direction_group": "lateral",
      "magnitude_group": "low",
      "num_steps": 1500,
      "fell": false,
      "velocity_tracking_error": 0.15892313420772552,
      "vx_tracking_error": 0.01135797519236803,
      "vy_tracking_error": 0.15515762567520142,
      "yaw_tracking_error": 0.04866356402635574,
      "energy_proxy": 3.5771353244781494,
      "foot_slip_proxy": 0.009420211426913738,
      "mean_command_vx": 0.0,
      "mean_command_vy": 0.14999999105930328,
      "mean_command_yaw": 0.0,
      "mean_measured_vx": -0.00019221947877667844,
      "mean_measured_vy": -0.0009373479406349361,
      "mean_measured_yaw": -0.00035816009039990604
    },
    {
      "episode_id": 3,
      "episode_label": "lateral_left_high",
      "direction_group": "lateral",
      "magnitude_group": "high",
      "num_steps": 1500,
      "fell": false,
      "velocity_tracking_error": 0.20942984521389008,
      "vx_tracking_error": 0.0108203599229455,
      "vy_tracking_error": 0.20576295256614685,
      "yaw_tracking_error": 0.04448435455560684,
      "energy_proxy": 4.550478935241699,
      "foot_slip_proxy": 0.011371866799890995,
      "mean_command_vx": 0.0,
      "mean_command_vy": 0.20000001788139343,
      "mean_command_yaw": 0.0,
      "mean_measured_vx": 0.0012480474542826414,
      "mean_measured_vy": -0.0015348391607403755,
      "mean_measured_yaw": -0.0004641494888346642
    },
    {
      "episode_id": 4,
      "episode_label": "yaw_left_low",
      "direction_group": "yaw",
      "magnitude_group": "low",
      "num_steps": 1500,
      "fell": false,
      "velocity_tracking_error": 0.020014667883515358,
      "vx_tracking_error": 0.013345812447369099,
      "vy_tracking_error": 0.011913195252418518,
      "yaw_tracking_error": 0.32109126448631287,
      "energy_proxy": 3.095747709274292,
      "foot_slip_proxy": 0.00847105123102665,
      "mean_command_vx": 0.0,
      "mean_command_vy": 0.0,
      "mean_command_yaw": 0.29999998211860657,
      "mean_measured_vx": 0.0009498657891526818,
      "mean_measured_vy": -0.0006362978601828218,
      "mean_measured_yaw": 0.0009048385545611382
    },
    {
      "episode_id": 5,
      "episode_label": "yaw_left_high",
      "direction_group": "yaw",
      "magnitude_group": "high",
      "num_steps": 1500,
      "fell": false,
      "velocity_tracking_error": 0.020994219928979874,
      "vx_tracking_error": 0.01385997049510479,
      "vy_tracking_error": 0.013005002401769161,
      "yaw_tracking_error": 0.41975247859954834,
      "energy_proxy": 3.695096254348755,
      "foot_slip_proxy": 0.00988326407968998,
      "mean_command_vx": 0.0,
      "mean_command_vy": 0.0,
      "mean_command_yaw": 0.40000003576278687,
      "mean_measured_vx": 0.0009522042819298804,
      "mean_measured_vy": -0.00039828915032558143,
      "mean_measured_yaw": 0.004294972866773605
    },
    {
      "episode_id": 6,
      "episode_label": "forward_turn_left",
      "direction_group": "forward_turn",
      "magnitude_group": "medium",
      "num_steps": 434,
      "fell": true,
      "velocity_tracking_error": 0.07253756374120712,
      "vx_tracking_error": 0.05654221773147583,
      "vy_tracking_error": 0.03570891171693802,
      "yaw_tracking_error": 0.1035124883055687,
      "energy_proxy": 14.559759140014648,
      "foot_slip_proxy": 0.07804042100906372,
      "mean_command_vx": 0.08156680315732956,
      "mean_command_vy": 0.0,
      "mean_command_yaw": 0.08156680315732956,
      "mean_measured_vx": 0.06909236311912537,
      "mean_measured_vy": -0.02309771068394184,
      "mean_measured_yaw": 0.02248656190931797
    },
    {
      "episode_id": 7,
      "episode_label": "combined_left_low",
      "direction_group": "combined",
      "magnitude_group": "low",
      "num_steps": 1500,
      "fell": false,
      "velocity_tracking_error": 0.3241663873195648,
      "vx_tracking_error": 0.3037848174571991,
      "vy_tracking_error": 0.10761205852031708,
      "yaw_tracking_error": 0.3111080229282379,
      "energy_proxy": 4.790083885192871,
      "foot_slip_proxy": 0.016865216195583344,
      "mean_command_vx": 0.29999998211860657,
      "mean_command_vy": 0.10000000894069672,
      "mean_command_yaw": 0.29999998211860657,
      "mean_measured_vx": 0.0024435005616396666,
      "mean_measured_vy": -0.0012529819505289197,
      "mean_measured_yaw": 0.010945855639874935
    },
    {
      "episode_id": 8,
      "episode_label": "combined_left_high",
      "direction_group": "combined",
      "magnitude_group": "high",
      "num_steps": 1500,
      "fell": false,
      "velocity_tracking_error": 0.3514043390750885,
      "vx_tracking_error": 0.30474740266799927,
      "vy_tracking_error": 0.17141655087471008,
      "yaw_tracking_error": 0.32359907031059265,
      "energy_proxy": 4.447154998779297,
      "foot_slip_proxy": 0.010964719578623772,
      "mean_command_vx": 0.29999998211860657,
      "mean_command_vy": 0.16499997675418854,
      "mean_command_yaw": 0.29999998211860657,
      "mean_measured_vx": 0.0013875465374439955,
      "mean_measured_vy": -0.0010995150078088045,
      "mean_measured_yaw": -0.002795887878164649
    }
  ],
  "by_direction_summary": [
    {
      "direction_group": "combined",
      "num_episodes": 2,
      "fall_rate": 0.0,
      "velocity_tracking_error": 0.33778536319732666,
      "vx_tracking_error": 0.3042661100625992,
      "vy_tracking_error": 0.13951430469751358,
      "yaw_tracking_error": 0.3173535466194153,
      "energy_proxy": 4.618619441986084,
      "foot_slip_proxy": 0.013914967887103558
    },
    {
      "direction_group": "forward",
      "num_episodes": 2,
      "fall_rate": 0.0,
      "velocity_tracking_error": 0.04999007470905781,
      "vx_tracking_error": 0.039316628128290176,
      "vy_tracking_error": 0.02197704929858446,
      "yaw_tracking_error": 0.06582821533083916,
      "energy_proxy": 36.371514320373535,