{
  "homework_name": "Homework: Sim-to-Real Quadruped Locomotion with MuJoCo Playground",
  "robot": "Go2",
  "environment_name": "Go2JoystickFlatTerrain",
  "num_steps": 12434,
  "num_episodes": 9,
  "metrics": {
    "velocity_tracking_error": 0.13939684484567907,
    "vx_tracking_error": 0.08792993985116482,
    "vy_tracking_error": 0.08252067387931877,
    "yaw_tracking_error": 0.19164032944374615,
    "fall_rate": 0.1111111111111111,
    "energy_proxy": 12.384564426210192,
    "foot_slip_proxy": 0.09419058128777477
  },
  "per_episode_summary": [
    {
      "episode_id": 0,
      "episode_label": "forward_low",
      "direction_group": "forward",
      "magnitude_group": "low",
      "num_steps": 1500,
      "fell": false,
      "velocity_tracking_error": 0.04175499454140663,
      "vx_tracking_error": 0.031181085854768753,
      "vy_tracking_error": 0.02088700607419014,
      "yaw_tracking_error": 0.06622052192687988,
      "energy_proxy": 29.632322311401367,
      "foot_slip_proxy": 0.30833810567855835,
      "mean_command_vx": 0.29999998211860657,
      "mean_command_vy": 0.0,
      "mean_command_yaw": 0.0,
      "mean_measured_vx": 0.288277804851532,
      "mean_measured_vy": 0.0013175320345908403,
      "mean_measured_yaw": -0.019575614482164383
    },
    {
      "episode_id": 1,
      "episode_label": "forward_high",
      "direction_group": "forward",
      "magnitude_group": "high",
      "num_steps": 1500,
      "fell": false,
      "velocity_tracking_error": 0.055245403200387955,
      "vx_tracking_error": 0.045709360390901566,
      "vy_tracking_error": 0.021239932626485825,
      "yaw_tracking_error": 0.06759106367826462,
      "energy_proxy": 44.64469909667969,
      "foot_slip_proxy": 0.3981904983520508,
      "mean_command_vx": 0.40000003576278687,
      "mean_command_vy": 0.0,
      "mean_command_yaw": 0.0,
      "mean_measured_vx": 0.370697557926178,
      "mean_measured_vy": 0.010363118723034859,
      "mean_measured_yaw": -0.019160360097885132
    },
    {
      "episode_id": 2,
      "episode_label": "lateral_left_low",
      "direction_group": "lateral",
      "magnitude_group": "low",
      "num_steps": 1500,
      "fell": false,
      "velocity_tracking_error": 0.15881973505020142,
      "vx_tracking_error": 0.011285843327641487,
      "vy_tracking_error": 0.15510356426239014,
      "yaw_tracking_error": 0.048509448766708374,
      "energy_proxy": 3.567981719970703,
      "foot_slip_proxy": 0.00941749569028616,
      "mean_command_vx": 0.0,
      "mean_command_vy": 0.14999999105930328,
      "mean_command_yaw": 0.0,
      "mean_measured_vx": -0.0002183791366405785,
      "mean_measured_vy": -0.0009341827244497836,
      "mean_measured_yaw": -0.0002735209418460727
    },
    {
      "episode_id": 3,
      "episode_label": "lateral_left_high",
      "direction_group": "lateral",
      "magnitude_group": "high",
      "num_steps": 1500,
      "fell": false,
      "velocity_tracking_error": 0.20950229465961456,
      "vx_tracking_error": 0.010845573619008064,
      "vy_tracking_error": 0.20582328736782074,
      "yaw_tracking_error": 0.044321928173303604,
      "energy_proxy": 4.551095485687256,
      "foot_slip_proxy": 0.011322715319693089,
      "mean_command_vx": 0.0,
      "mean_command_vy": 0.20000001788139343,
      "mean_command_yaw": 0.0,
      "mean_measured_vx": 0.0013513561571016908,
      "mean_measured_vy": -0.0016862937482073903,
      "mean_measured_yaw": -0.0012934182304888964
    },
    {
      "episode_id": 4,
      "episode_label": "yaw_left_low",
      "direction_group": "yaw",
      "magnitude_group": "low",
      "num_steps": 1500,
      "fell": false,
      "velocity_tracking_error": 0.02016439475119114,
      "vx_tracking_error": 0.013495104387402534,
      "vy_tracking_error": 0.011947202496230602,
      "yaw_tracking_error": 0.32094794511795044,
      "energy_proxy": 3.0910441875457764,
      "foot_slip_proxy": 0.008531135506927967,
      "mean_command_vx": 0.0,
      "mean_command_vy": 0.0,
      "mean_command_yaw": 0.29999998211860657,
      "mean_measured_vx": 0.0009662782540544868,
      "mean_measured_vy": -0.0006532641127705574,
      "mean_measured_yaw": 0.0009235331090167165
    },
    {
      "episode_id": 5,
      "episode_label": "yaw_left_high",
      "direction_group": "yaw",
      "magnitude_group": "high",
      "num_steps": 1500,
      "fell": false,
      "velocity_tracking_error": 0.021038874983787537,
      "vx_tracking_error": 0.013866648077964783,
      "vy_tracking_error": 0.013048171065747738,
      "yaw_tracking_error": 0.419534832239151,
      "energy_proxy": 3.6977877616882324,
      "foot_slip_proxy": 0.009884576313197613,
      "mean_command_vx": 0.0,
      "mean_command_vy": 0.0,
      "mean_command_yaw": 0.40000003576278687,
      "mean_measured_vx": 0.0009691852028481662,
      "mean_measured_vy": -0.00037716771475970745,
      "mean_measured_yaw": 0.004448425956070423
    },
    {
      "episode_id": 6,
      "episode_label": "forward_turn_left",
      "direction_group": "forward_turn",
      "magnitude_group": "medium",
      "num_steps": 434,
      "fell": true,
      "velocity_tracking_error": 0.07293854653835297,
      "vx_tracking_error": 0.05675352364778519,
      "vy_tracking_error": 0.03583841025829315,
      "yaw_tracking_error": 0.12203245609998703,
      "energy_proxy": 13.178499221801758,
      "foot_slip_proxy": 0.07440535724163055,
      "mean_command_vx": 0.08156680315732956,
      "mean_command_vy": 0.0,
      "mean_command_yaw": 0.08156680315732956,
      "mean_measured_vx": 0.07158151268959045,
      "mean_measured_vy": -0.02317221462726593,
      "mean_measured_yaw": 0.0010724723106250167
    },
    {
      "episode_id": 7,
      "episode_label": "combined_left_low",
      "direction_group": "combined",
      "magnitude_group": "low",
      "num_steps": 1500,
      "fell": false,
      "velocity_tracking_error": 0.3236732482910156,
      "vx_tracking_error": 0.30350810289382935,
      "vy_tracking_error": 0.10725057125091553,
      "yaw_tracking_error": 0.3116828501224518,
      "energy_proxy": 4.681793212890625,
      "foot_slip_proxy": 0.016533156856894493,
      "mean_command_vx": 0.29999998211860657,
      "mean_command_vy": 0.10000000894069672,
      "mean_command_yaw": 0.29999998211860657,
      "mean_measured_vx": 0.0030117372516542673,
      "mean_measured_vy": -0.0011116457171738148,
      "mean_measured_yaw": 0.010133885778486729
    },
    {
      "episode_id": 8,
      "episode_label": "combined_left_high",
      "direction_group": "combined",
      "magnitude_group": "high",
      "num_steps": 1500,
      "fell": false,
      "velocity_tracking_error": 0.3514341115951538,
      "vx_tracking_error": 0.30472421646118164,
      "vy_tracking_error": 0.17154791951179504,
      "yaw_tracking_error": 0.32392191886901855,
      "energy_proxy": 4.415856838226318,
      "foot_slip_proxy": 0.011092190630733967,
      "mean_command_vx": 0.29999998211860657,
      "mean_command_vy": 0.16499997675418854,
      "mean_command_yaw": 0.29999998211860657,
      "mean_measured_vx": 0.0015252106823027134,
      "mean_measured_vy": -0.0012197010219097137,
      "mean_measured_yaw": -0.0031558808404952288
    }
  ],
  "by_direction_summary": [
    {
      "direction_group": "combined",
      "num_episodes": 2,
      "fall_rate": 0.0,
      "velocity_tracking_error": 0.3375536799430847,
      "vx_tracking_error": 0.3041161596775055,
      "vy_tracking_error": 0.13939924538135529,
      "yaw_tracking_error": 0.31780238449573517,
      "energy_proxy": 4.548825025558472,
      "foot_slip_proxy": 0.01381267374381423
    },
    {
      "direction_group": "forward",
      "num_episodes": 2,
      "fall_rate": 0.0,
      "velocity_tracking_error": 0.04850019887089729,
      "vx_tracking_error": 0.03844522312283516,
      "vy_tracking_error": 0.021063469350337982,
      "yaw_tracking_error": 0.06690579280257225,
      "energy_proxy": 37.13851070404053,