{
  "stage_name": "stage_2",
  "env_name": "Go2JoystickFlatTerrain",
  "backend_impl": "jax",
  "num_progress_events": 5,
  "final_metrics": {
    "eval/walltime": 80.98177170753479,
    "training/sps": 1751867.1532094951,
    "training/walltime": 87.94191241264343,
    "training/entropy_loss": 0.0353672131896019,
    "training/kl_mean": 0.036961592733860016,
    "training/learning_rate": 0.0003000000142492354,
    "training/policy_dist_max_loc": 2.220442771911621,
    "training/policy_dist_max_std": 1.623087763786316,
    "training/policy_dist_mean_loc": 0.20521984994411469,
    "training/policy_dist_mean_std": 0.24041374027729034,
    "training/policy_dist_min_loc": -1.4389820098876953,
    "training/policy_dist_min_std": 0.08790676295757294,
    "training/policy_loss": -0.013044251129031181,
    "training/total_loss": 0.022801604121923447,
    "training/v_loss": 0.0004786413337569684,
    "eval/episode_reward": 17.975566864013672,
    "eval/episode_reward/action_rate": -49.58189392089844,
    "eval/episode_reward/ang_vel_xy": -89.79194641113281,
    "eval/episode_reward/dof_pos_limits": -0.0004935176111757755,
    "eval/episode_reward/energy": -193.02548217773438,
    "eval/episode_reward/feet_air_time": -0.8972187638282776,
    "eval/episode_reward/feet_clearance": -232.99424743652344,
    "eval/episode_reward/feet_height": -31.757675170898438,
    "eval/episode_reward/feet_slip": -25.2460880279541,
    "eval/episode_reward/lin_vel_z": -7.258038520812988,
    "eval/episode_reward/orientation": -39.78242492675781,
    "eval/episode_reward/pose": 387.0337829589844,
    "eval/episode_reward/stand_still": -2.48421311378479,
    "eval/episode_reward/termination": -0.234375,
    "eval/episode_reward/torques": -13.005430221557617,
    "eval/episode_reward/tracking_ang_vel": 356.78277587890625,
    "eval/episode_reward/tracking_lin_vel": 702.4434814453125,
    "eval/episode_swing_peak": 8.916644096374512,
    "eval/episode_reward_std": 8.245187759399414,
    "eval/episode_reward/action_rate_std": 29.744251251220703,
    "eval/episode_reward/ang_vel_xy_std": 68.95960998535156,
    "eval/episode_reward/dof_pos_limits_std": 0.00328895659185946,
    "eval/episode_reward/energy_std": 137.36383056640625,
    "eval/episode_reward/feet_air_time_std": 0.5527173280715942,
    "eval/episode_reward/feet_clearance_std": 78.54436492919922,
    "eval/episode_reward/feet_height_std": 11.751178741455078,
    "eval/episode_reward/feet_slip_std": 20.357494354248047,
    "eval/episode_reward/lin_vel_z_std": 5.046145915985107,
    "eval/episode_reward/orientation_std": 31.349374771118164,
    "eval/episode_reward/pose_std": 101.61528778076172,
    "eval/episode_reward/stand_still_std": 27.99566078186035,
    "eval/episode_reward/termination_std": 0.42360755801200867,
    "eval/episode_reward/torques_std": 3.543133497238159,
    "eval/episode_reward/tracking_ang_vel_std": 106.72903442382812,
    "eval/episode_reward/tracking_lin_vel_std": 223.8268585205078,
    "eval/episode_swing_peak_std": 4.922612190246582,
    "eval/avg_episode_length": 896.4296875,
    "eval/std_episode_length": 223.9497833251953,
    "eval/epoch_eval_time": 2.6523311138153076,
    "eval/sps": 48259.434628384464
  },
  "latest_checkpoint": "/home/shashank/notebook_work/course_repo/artifacts/run_baseline/stage_2/checkpoints/000006553600",
  "selected_checkpoint_source": "/home/shashank/notebook_work/course_repo/artifacts/run_baseline/stage_2/checkpoints/000006553600",
  "selected_checkpoint_export": "/home/shashank/notebook_work/course_repo/artifacts/run_baseline/best_checkpoint",
  "selected_checkpoint_manifest": {
    "selection_method": "best_eval_reward",
    "selected_step": 6553600,
    "selected_eval_reward": 29.34263038635254,
    "source_checkpoint_dir": "/home/shashank/notebook_work/course_repo/artifacts/run_baseline/stage_2/checkpoints/000006553600",
    "exported_checkpoint_dir": "/home/shashank/notebook_work/course_repo/artifacts/run_baseline/best_checkpoint",
    "exported_at_unix": 1777921588.5841432
  },
  "compile_time_sec": 76.44071255624294,
  "train_time_sec": 154.77840633504093
}