{
  "stage_name": "stage_2",
  "env_name": "Go2JoystickFlatTerrain",
  "backend_impl": "jax",
  "num_progress_events": 5,
  "final_metrics": {
    "eval/walltime": 81.84298038482666,
    "training/sps": 1757414.063562509,
    "training/walltime": 88.25295281410217,
    "training/entropy_loss": 0.025584759190678596,
    "training/kl_mean": 0.034183766692876816,
    "training/learning_rate": 0.0003000000142492354,
    "training/policy_dist_max_loc": 2.3206024169921875,
    "training/policy_dist_max_std": 1.8867793083190918,
    "training/policy_dist_mean_loc": 0.1909327507019043,
    "training/policy_dist_mean_std": 0.25120028853416443,
    "training/policy_dist_min_loc": -1.4487366676330566,
    "training/policy_dist_min_std": 0.09116430580615997,
    "training/policy_loss": -0.02036607638001442,
    "training/total_loss": 0.005502057261765003,
    "training/v_loss": 0.0002833751495927572,
    "eval/episode_reward": 21.124656677246094,
    "eval/episode_reward/action_rate": -47.662567138671875,
    "eval/episode_reward/ang_vel_xy": -67.25687408447266,
    "eval/episode_reward/dof_pos_limits": 0.0,
    "eval/episode_reward/energy": -143.95034790039062,
    "eval/episode_reward/feet_air_time": -1.231827974319458,
    "eval/episode_reward/feet_clearance": -238.87359619140625,
    "eval/episode_reward/feet_height": -40.28502655029297,
    "eval/episode_reward/feet_slip": -19.503889083862305,
    "eval/episode_reward/lin_vel_z": -4.3558454513549805,
    "eval/episode_reward/orientation": -30.249242782592773,
    "eval/episode_reward/pose": 389.82037353515625,
    "eval/episode_reward/stand_still": 0.0,
    "eval/episode_reward/termination": -0.0546875,
    "eval/episode_reward/torques": -13.693243026733398,
    "eval/episode_reward/tracking_ang_vel": 401.7945251464844,
    "eval/episode_reward/tracking_lin_vel": 850.052734375,
    "eval/episode_swing_peak": 7.827455520629883,
    "eval/episode_reward_std": 5.379249572753906,
    "eval/episode_reward/action_rate_std": 15.981209754943848,
    "eval/episode_reward/ang_vel_xy_std": 28.83559226989746,
    "eval/episode_reward/dof_pos_limits_std": 0.0,
    "eval/episode_reward/energy_std": 60.98155975341797,
    "eval/episode_reward/feet_air_time_std": 0.449701189994812,
    "eval/episode_reward/feet_clearance_std": 54.82392501831055,
    "eval/episode_reward/feet_height_std": 9.162014961242676,
    "eval/episode_reward/feet_slip_std": 10.666502952575684,
    "eval/episode_reward/lin_vel_z_std": 1.9141472578048706,
    "eval/episode_reward/orientation_std": 19.716299057006836,
    "eval/episode_reward/pose_std": 51.98583984375,
    "eval/episode_reward/stand_still_std": 0.0,
    "eval/episode_reward/termination_std": 0.2273692488670349,
    "eval/episode_reward/torques_std": 2.1852262020111084,
    "eval/episode_reward/tracking_ang_vel_std": 59.24560546875,
    "eval/episode_reward/tracking_lin_vel_std": 125.11243438720703,
    "eval/episode_swing_peak_std": 3.0726828575134277,
    "eval/avg_episode_length": 976.5703125,
    "eval/std_episode_length": 121.390869140625,
    "eval/epoch_eval_time": 2.6584577560424805,
    "eval/sps": 48148.216652706
  },
  "latest_checkpoint": "/home/shashank/notebook_work/course_repo/artifacts/run_updates/stage_2/checkpoints/000006553600",
  "selected_checkpoint_source": "/home/shashank/notebook_work/course_repo/artifacts/run_updates/stage_2/checkpoints/000006553600",
  "selected_checkpoint_export": "/home/shashank/notebook_work/course_repo/artifacts/run_updates/best_checkpoint",
  "selected_checkpoint_manifest": {
    "selection_method": "best_eval_reward",
    "selected_step": 6553600,
    "selected_eval_reward": 21.124656677246094,
    "source_checkpoint_dir": "/home/shashank/notebook_work/course_repo/artifacts/run_updates/stage_2/checkpoints/000006553600",
    "exported_checkpoint_dir": "/home/shashank/notebook_work/course_repo/artifacts/run_updates/best_checkpoint",
    "exported_at_unix": 1777946579.3221004
  },
  "compile_time_sec": 77.39116307301447,
  "train_time_sec": 155.84970465209335
}