{
  "stage_name": "stage_1",
  "env_name": "Go2JoystickFlatTerrain",
  "backend_impl": "jax",
  "num_progress_events": 5,
  "final_metrics": {
    "eval/walltime": 86.36938190460205,
    "training/sps": 1757573.403251459,
    "training/walltime": 132.16022992134094,
    "training/entropy_loss": 0.10060915350914001,
    "training/kl_mean": 0.03928016871213913,
    "training/learning_rate": 0.00029999998514540493,
    "training/policy_dist_max_loc": 2.400484323501587,
    "training/policy_dist_max_std": 1.1984517574310303,
    "training/policy_dist_mean_loc": 0.21730050444602966,
    "training/policy_dist_mean_std": 0.13736331462860107,
    "training/policy_dist_min_loc": -1.6196825504302979,
    "training/policy_dist_min_std": 0.06210578233003616,
    "training/policy_loss": -0.0020406944677233696,
    "training/total_loss": 0.09869489073753357,
    "training/v_loss": 0.00012642664660234004,
    "eval/episode_reward": 29.37096405029297,
    "eval/episode_reward/action_rate": -10.948452949523926,
    "eval/episode_reward/ang_vel_xy": -18.18659782409668,
    "eval/episode_reward/dof_pos_limits": 0.0,
    "eval/episode_reward/energy": -76.39778900146484,
    "eval/episode_reward/feet_air_time": 0.0546717643737793,
    "eval/episode_reward/feet_clearance": -210.1319122314453,
    "eval/episode_reward/feet_height": -16.594074249267578,
    "eval/episode_reward/feet_slip": -7.2709760665893555,
    "eval/episode_reward/lin_vel_z": -3.135410785675049,
    "eval/episode_reward/orientation": -10.795564651489258,
    "eval/episode_reward/pose": 458.2682189941406,
    "eval/episode_reward/stand_still": -24.528860092163086,
    "eval/episode_reward/termination": 0.0,
    "eval/episode_reward/torques": -11.192060470581055,
    "eval/episode_reward/tracking_ang_vel": 468.75701904296875,
    "eval/episode_reward/tracking_lin_vel": 930.4620361328125,
    "eval/episode_swing_peak": 9.082741737365723,
    "eval/episode_reward_std": 3.188319444656372,
    "eval/episode_reward/action_rate_std": 1.873007893562317,
    "eval/episode_reward/ang_vel_xy_std": 4.033099174499512,
    "eval/episode_reward/dof_pos_limits_std": 0.0,
    "eval/episode_reward/energy_std": 35.51813888549805,
    "eval/episode_reward/feet_air_time_std": 0.4619433879852295,
    "eval/episode_reward/feet_clearance_std": 64.1200180053711,
    "eval/episode_reward/feet_height_std": 5.115259647369385,
    "eval/episode_reward/feet_slip_std": 3.4752821922302246,
    "eval/episode_reward/lin_vel_z_std": 1.0559883117675781,
    "eval/episode_reward/orientation_std": 6.3892693519592285,
    "eval/episode_reward/pose_std": 8.2974853515625,
    "eval/episode_reward/stand_still_std": 148.96536254882812,
    "eval/episode_reward/termination_std": 0.0,
    "eval/episode_reward/torques_std": 1.1268147230148315,
    "eval/episode_reward/tracking_ang_vel_std": 4.262100696563721,
    "eval/episode_reward/tracking_lin_vel_std": 24.735260009765625,
    "eval/episode_swing_peak_std": 4.996108531951904,
    "eval/avg_episode_length": 1000.0,
    "eval/std_episode_length": 0.0,
    "eval/epoch_eval_time": 2.660181760787964,
    "eval/sps": 48117.01286234123
  },
  "latest_checkpoint": "/home/shashank/notebook_work/course_repo/artifacts/run_baseline/stage_1/checkpoints/000013107200",
  "selected_checkpoint_source": "/home/shashank/notebook_work/course_repo/artifacts/run_baseline/stage_1/checkpoints/000013107200",
  "selected_checkpoint_export": "/home/shashank/notebook_work/course_repo/artifacts/run_baseline/best_checkpoint",
  "selected_checkpoint_manifest": {
    "selection_method": "best_eval_reward",
    "selected_step": 13107200,
    "selected_eval_reward": 29.038795471191406,
    "source_checkpoint_dir": "/home/shashank/notebook_work/course_repo/artifacts/run_baseline/stage_1/checkpoints/000013107200",
    "exported_checkpoint_dir": "/home/shashank/notebook_work/course_repo/artifacts/run_baseline/best_checkpoint",
    "exported_at_unix": 1777921356.369249
  },
  "compile_time_sec": 100.17209473997355,
  "train_time_sec": 199.47523144679144
}